"state","moves","iret"
"12345672121232","11","2590492"
"12345672123212","11","2553293"
"12345672321212","11","956772"
"12345673131323","11","3231964"
"12345673132313","11","3780048"
"12345673231313","11","1139077"
"12345761111111","11","18497412"
"12346571111231","11","975939"
"12346751113133","11","3897859"
"12347561112212","11","3412258"
"12347651111111","11","24509349"
"12347651122112","11","2458457"
"12347651133311","11","2891913"
"12347652111221","11","2072465"
"12347652123233","11","2622459"
"12347652123332","11","3277868"
"12347652223232","11","1702130"
"12347653111133","11","2805192"
"12347653132223","11","2166988"
"12347653132322","11","2148410"
"12347653332323","11","2566291"
"12354671111111","11","19801722"
"12354761112323","11","17181106"
"12354762121112","11","2459417"
"12354762121211","11","2641023"
"12354762311123","11","2129256"
"12354763131131","11","1902282"
"12354763133111","11","1839847"
"12354763211123","11","2895039"
"12356471113133","11","3440300"
"12356741133131","11","1418328"
"12356741313131","11","1259656"
"12356743113131","11","1493007"
"12357461111222","11","3575677"
"12357461113331","11","3988754"
"12357462211112","11","2969925"
"12357641113331","11","3348220"
"12364571112212","11","3575377"
"12364751112212","11","3367622"
"12364751113133","11","3829197"
"12364753311131","11","2826852"
"12365471111111","11","19756117"
"12365471211122","11","2841376"
"12365471313113","11","2035140"
"12365472223232","11","1694819"
"12365472321233","11","2219501"
"12365473232312","11","1588341"
"12365473332323","11","2467447"
"12365741113331","11","3669698"
"12367451123333","11","1385639"
"12367451132222","11","1358038"
"12367451213333","11","1460068"
"12367451312222","11","1857346"
"12367452113333","11","1857733"
"12367453112222","11","1501471"
"12367541112212","11","3690197"
"12367541113331","11","5052791"
"12367541331131","11","2899249"
"12374561121212","11","1252829"
"12374561211212","11","1462539"
"12374562111212","11","1680290"
"12374651111222","11","3520856"
"12375461111222","11","3467468"
"12375641113112","11","1347393"
"12376451111222","11","3594911"
"12376451113133","11","3923956"
"12376451221211","11","3026464"
"12376541112323","11","14798562"
"12376541232233","11","4106586"
"12376541322233","11","2106317"
"12376542121232","11","2649066"
"12376542123212","11","2525687"
"12376543133132","11","1344687"
"12376543133231","11","1351983"
"12456731132321","11","4499896"
"12456731233223","11","2596114"
"12456733223321","11","1390072"
"12463751231231","11","1579812"
"12467351131121","11","2430827"
"12467351231321","11","2123425"
"12473561132123","11","3008656"
"12536741112323","11","2703870"
"12537461332112","11","1321500"
"12543671111111","11","3677944"
"12543671211212","11","1818673"
"12543671331113","11","4243384"
"12543672121121","11","1338362"
"12543672321332","11","1516787"
"12543672322232","11","1560891"
"12543672331232","11","1782462"
"12543673111331","11","1344428"
"12543673221323","11","3039754"
"12543673231223","11","1354528"
"12543673233323","11","3014606"
"12546371221331","11","1293752"
"12563472131213","11","1884210"
"12563473131212","11","1955275"
"12564733323122","11","1399839"
"12567433232333","11","2310887"
"12576343212221","11","1904029"
"12637451132111","11","2894986"
"12637451332112","11","1247868"
"12643571321321","11","1365629"
"12645371131121","11","2431643"
"12673542331133","11","1574281"
"12734561112323","11","2702374"
"12734561322233","11","3681693"
"12734562313223","11","1641211"
"12745631111111","11","8543732"
"12745632111122","11","1790452"
"12745632212213","11","2648236"
"12745632222221","11","1856443"
"12745632232211","11","1447744"
"12745633131131","11","2234915"
"12745633313312","11","1530763"
"12745633313333","11","3645116"
"12745633323311","11","1833750"
"12753462231323","11","1334378"
"12763452322232","11","1560137"
"12765432121313","11","1473216"
"12765432222212","11","6314897"
"12765433121213","11","2631929"
"12765433331333","11","1585431"
"13245671321111","11","4067227"
"13246571111111","11","4264467"
"13246571112233","11","3018329"
"13246571113232","11","1938200"
"13246572321332","11","1541565"
"13246572331232","11","1229219"
"13246573221233","11","1297774"
"13246573321223","11","2214599"
"13246752133211","11","2913443"
"13247563212131","11","1735031"
"13254761322233","11","3815119"
"13254761323322","11","2971521"
"13254762321233","11","1929013"
"13254763323122","11","2015103"
"13257641112233","11","2995891"
"13265741112323","11","3401667"
"13265742131312","11","2912113"
"13267451122211","11","3502213"
"13267451311133","11","2875365"
"13267541111132","11","2995914"
"13267541232212","11","1854472"
"13274651112323","11","3182980"
"13275461112233","11","3288346"
"13275463213211","11","1847917"
"13275641112233","11","3275059"
"13275641112323","11","3127466"
"13275642131333","11","1820597"
"13275643212221","11","1857689"
"13276451113211","11","3087228"
"13276451233133","11","2221525"
"13276541133122","11","1857764"
"13276541213312","11","2422767"
"13276541321123","11","2173574"
"13276541322311","11","3076306"
"13276541323112","11","3519795"
"13276541323322","11","2840034"
"13276542323312","11","2010354"
"13276543323122","11","1785541"
"13462571111111","11","13543230"
"13462572213311","11","1550729"
"13527461211113","11","2441751"
"13542671231231","11","1382459"
"13546271213213","11","1405768"
"13546271231231","11","2207378"
"13546271321321","11","1386522"
"13572641122133","11","11169631"
"13576241312213","11","5155530"
"13576241321321","11","1227599"
"13627451332112","11","1351307"
"13642571221223","11","1306762"
"13642571223221","11","1585325"
"13642573221221","11","2079132"
"13645271221331","11","1391412"
"13647521111111","11","9340960"
"13675241112323","11","8634805"
"13675242331313","11","1417930"
"13725642332132","11","1693052"
"13754262123323","11","3092603"
"13762451321321","11","1044673"
"13764251211311","11","1448375"
"13764252323231","11","1758263"
"13765422121211","11","1674967"
"14263751131121","11","1633623"
"14267351321321","11","1096026"
"14275633323122","11","1508512"
"14325671111111","11","10028360"
"14325672112121","11","2470426"
"14325672231323","11","2620300"
"14325672323222","11","1683481"
"14325673123232","11","1840225"
"14325673232333","11","1905936"
"14325673311131","11","4549592"
"14327652131213","11","3508734"
"14327653121213","11","1813159"
"14352672212111","11","2412197"
"14356721112323","11","2794269"
"14356721322233","11","4995448"
"14367252322232","11","1570631"
"14367523311113","11","4105942"
"14523672121313","11","4570499"
"14523673121312","11","3103781"
"14527631121311","11","2961016"
"14527631131211","11","2899672"
"14527631133311","11","1514702"
"14527631211131","11","3272288"
"14527631311121","11","3296195"
"14527632122213","11","2009829"
"14527632212111","11","2150989"
"14527632333332","11","1551335"
"14527633132322","11","2083209"
"14527633312133","11","1233936"
"14536273311311","11","2116943"
"14537622231323","11","1762716"
"14563272323222","11","1701237"
"14567231312213","11","7653555"
"14567231321123","11","2259826"
"14573261333111","11","2505176"
"14625731111111","11","17952972"
"14625731131121","11","2693866"
"14625731322233","11","4786343"
"14625732112121","11","2380233"
"14625732113321","11","2545306"
"14625732213323","11","4279105"
"14625732233111","11","2381746"
"14625733133111","11","2380977"
"14632571111111","11","8873604"
"14632571321132","11","3506336"
"14652733321331","11","1294656"
"14673251111111","11","17546083"
"14723651111213","11","2806638"
"14723651111312","11","3386924"
"14723651112131","11","3607137"
"14723651113121","11","2589252"
"14723651211212","11","2933458"
"14723652322121","11","1255178"
"14723652331232","11","1432518"
"14723653232222","11","1456783"
"14723653313111","11","2457566"
"14723653321313","11","4846192"
"14725361111111","11","4276680"
"14725361111123","11","2185334"
"14725361322332","11","2790183"
"14725362211121","11","2175229"
"14725363211213","11","2091403"
"14725363213121","11","1755846"
"14725363223213","11","1634391"
"14725363311113","11","2741827"
"14726531223122","11","1879331"
"14726531232122","11","4326954"
"14726531233313","11","3730227"
"14726531333312","11","1619859"
"14726532232313","11","2259245"
"14726533323122","11","1746944"
"14735621221112","11","1941084"
"14735621223113","11","1530386"
"14735621223332","11","3190155"
"14735621233112","11","3375021"
"14735621323112","11","4682295"
"14735621332112","11","1490835"
"14735621333111","11","1829147"
"14735621333222","11","1837162"
"14736251111132","11","1852861"
"14736251112332","11","1829018"
"14736253222223","11","1815673"
"14736521132222","11","2275534"
"14736521133131","11","1406000"
"14736521211212","11","1366366"
"14736521213333","11","2239449"
"14736521221313","11","1285517"
"14736521321231","11","2781996"
"14736521322233","11","1888823"
"14736521332121","11","1579203"
"14736523112222","11","1327595"
"14736523113131","11","1203399"
"14752363222121","11","1661537"
"14752363232222","11","1435120"
"14752363233131","11","1614439"
"14752631111111","11","5132106"
"14752631112311","11","2619983"
"14752631323223","11","2835401"
"14752632332132","11","1466072"
"14752633213223","11","1730959"
"14752633222223","11","2847378"
"14752633223123","11","2388955"
"14752633223231","11","2153543"
"14753261221112","11","2405705"
"14753261323112","11","7166155"
"14753261333111","11","2451472"
"14762351221331","11","2034911"
"14762351321231","11","2762977"
"14762351331221","11","1902373"
"14763251221223","11","1764179"
"14763251222312","11","1352259"
"14763251332331","11","1381759"
"14763251333123","11","1131766"
"14763252322121","11","1679123"
"14763253132232","11","1391314"
"14763253133132","11","1594626"
"14763253133222","11","1678904"
"14763253133231","11","1518749"
"14763253221221","11","1866138"
"14763253222112","11","1287963"
"14763521113211","11","1892571"
"14763521113223","11","1847975"
"14763523222331","11","1939129"
"14765231111213","11","3615020"
"14765231111312","11","2851269"
"14765231112131","11","2901063"
"14765231113121","11","2844562"
"14765231133131","11","3033792"
"14765232211211","11","1615261"
"14765232232322","11","1780707"
"14765232331313","11","1535707"
"14765233113131","11","1292187"
"14765233323332","11","1666629"
"15236471111111","11","10087625"
"15236473231121","11","3502199"
"15243671331221","11","1854185"
"15246371331332","11","1637917"
"15246371332331","11","1324184"
"15246372331331","11","821209"
"15267431223113","11","1340955"
"15273641112323","11","9015171"
"15324673113311","11","2060513"
"15342671211311","11","2006978"
"15346271321321","11","1328152"
"15367421211113","11","3013426"
"15367421223113","11","1280677"
"15367423211123","11","3454944"
"15426371111111","11","4331523"
"15426371112233","11","1854306"
"15463271313113","11","2405234"
"15624732123212","11","1759774"
"15624732133313","11","3218078"
"15624732333332","11","907056"
"15627431223113","11","1719287"
"15627431322113","11","1427538"
"15627431332112","11","1712646"
"15634722123332","11","4235196"
"15634722321233","11","1803965"
"15637423211123","11","4630246"
"15642371111111","11","4552613"
"15642372213311","11","4082803"
"15642372231332","11","1442388"
"15642372331322","11","1530166"
"15642373212311","11","3224178"
"15642373221323","11","2228473"
"15642373231223","11","1435426"
"15643271221331","11","1346499"
"15643271331221","11","1311903"
"15643273223111","11","1957338"
"15647233213232","11","1492244"
"15672341113232","11","2795798"
"15672341323112","11","1463587"
"15672342323312","11","1588655"
"15672343213232","11","1919816"
"15672433312133","11","1416857"
"15724362212132","11","1609357"
"15724631111111","11","16618489"
"15724631211311","11","2469054"
"15724631322233","11","4925281"
"15724632123233","11","4745616"
"15724632313223","11","3038616"
"15724632323231","11","2262796"
"15724632323333","11","2670836"
"15724633132322","11","1925009"
"15734622331223","11","1378723"
"15746321111111","11","8360212"
"15746321323211","11","3293128"
"15746322313112","11","2771249"
"15762342122213","11","4705195"
"15763241111111","11","17386667"
"15763242323132","11","1561770"
"16243571132132","11","1339947"
"16243571231231","11","1892674"
"16243571321321","11","1261442"
"16245371231231","11","1629381"
"16254733312223","11","4323886"
"16257431132111","11","2207150"
"16257433223123","11","1437046"
"16273541122133","11","5663668"
"16273541321321","11","1369449"
"16275341312213","11","10230464"
"16275343122221","11","2170946"
"16327453232333","11","1916142"
"16342571331221","11","1191559"
"16345271111111","11","5421831"
"16345271133131","11","1689967"
"16345271222111","11","4542546"
"16345272322232","11","1645986"
"16345272333212","11","1749872"
"16345273122323","11","2683831"
"16345273233323","11","3399779"
"16347252131312","11","3731421"
"16347253121312","11","2400526"
"16357421223113","11","1338490"
"16374521112323","11","2793282"
"16374523211123","11","3315207"
"16423572112121","11","1502273"
"16427531211311","11","2462643"
"16427531231321","11","8660097"
"16427532333233","11","2938332"
"16453271111111","11","17828553"
"16453271211113","11","2747807"
"16453272111131","11","1671237"
"16475233132313","11","1757000"
"16523473332323","11","1843588"
"16523741112212","11","1321643"
"16524731112212","11","4044899"
"16524731112233","11","1886754"
"16524731113133","11","3698195"
"16527341111111","11","4334914"
"16527431123333","11","3763922"
"16527431222132","11","4030787"
"16527431312222","11","4239623"
"16527431333213","11","3161463"
"16527432113333","11","2450371"
"16527432211322","11","1447991"
"16527432231122","11","1193110"
"16527432231332","11","1216661"
"16527432331322","11","1330042"
"16527432333113","11","1571670"
"16527433312133","11","1102544"
"16532471111222","11","3791475"
"16534271111111","11","6333924"
"16534271111132","11","1735811"
"16534273211111","11","1778173"
"16534723211123","11","5531447"
"16537421111222","11","1524056"
"16537421113322","11","3310024"
"16537421113331","11","1504313"
"16537421223113","11","1508889"
"16537421233112","11","3528670"
"16537421332112","11","1505030"
"16542371221331","11","1629201"
"16542371331221","11","2034256"
"16542372112331","11","1839545"
"16543271221223","11","1832062"
"16543271223221","11","2371128"
"16543271331332","11","2495521"
"16543271332331","11","1374991"
"16543272331331","11","1015640"
"16543273221221","11","2119514"
"16543721111111","11","6116873"
"16543721113211","11","1751263"
"16547233332323","11","2298317"
"16547321113331","11","4624206"
"16572431111111","11","5094748"
"16572433213223","11","1654762"
"16573241123123","11","2268752"
"16573241312312","11","1969347"
"16574231113133","11","1324994"
"16723451122133","11","6749671"
"16723451322311","11","1789631"
"16725431121311","11","2739809"
"16725431131211","11","2900516"
"16725431211122","11","1601066"
"16725431211131","11","3547091"
"16725431311121","11","2673453"
"16725432211121","11","1686467"
"16725432232223","11","1546164"
"16725433113311","11","1885597"
"16725433122212","11","1798658"
"16725433333232","11","1735364"
"16735242122213","11","2604373"
"16742352232313","11","1732835"
"16743252323222","11","1721212"
"16745232121313","11","4592491"
"16745232122222","11","3021824"
"16745233121213","11","2556215"
"16745233333313","11","3252965"
"16753241221112","11","2548075"
"17246351111111","11","13197007"
"17265433111313","11","3937955"
"17324561211323","11","2428580"
"17324561232332","11","2088601"
"17326452212111","11","2290987"
"17356241212313","11","2522921"
"17356242211331","11","2210372"
"17362451211311","11","2013298"
"17362451231321","11","2054346"
"17362452213311","11","2308845"
"17364251231231","11","1680887"
"17423653213232","11","1485761"
"17425631122112","11","3804432"
"17425631223113","11","1725870"
"17425631313113","11","3795468"
"17425631322113","11","1335735"
"17425631322332","11","2990630"
"17425631323112","11","3235788"
"17425631323223","11","2352301"
"17425631332112","11","1728218"
"17426531112233","11","1626779"
"17426531121212","11","1463005"
"17426531132312","11","2992279"
"17426531213123","11","3033340"
"17426531223221","11","990370"
"17426531232233","11","4712996"
"17426531313131","11","1535715"
"17426531331332","11","1048387"
"17426532121211","11","1228020"
"17426532331331","11","1204487"
"17435622211133","11","4331609"
"17435623211123","11","4990179"
"17436521323232","11","3748437"
"17452363213232","11","2019059"
"17452363322132","11","1491375"
"17452633213232","11","1421067"
"17453262211133","11","1998767"
"17462352213311","11","4082079"
"17463251122112","11","2538003"
"17463251221331","11","1138206"
"17463251313113","11","2433306"
"17463251321231","11","4773680"
"17463251323112","11","7141263"
"17463251331221","11","1166426"
"17526431131121","11","2337128"
"17526431231321","11","8651331"
"17526432123233","11","4746529"
"17543261111111","11","18093670"
"17543261132111","11","2671959"
"17642531111111","11","4300063"
"17642531112233","11","2258507"
"17642533312211","11","1645424"
"17643251122112","11","2472297"
"21345671111111","11","7463271"
"21345762223322","11","2314092"
"21345762312323","11","3171115"
"21345762313223","11","4230926"
"21345763332233","11","2624397"
"21346752313322","11","3856870"
"21347562312323","11","4202573"
"21354671122112","11","1849372"
"21354671131313","11","1833262"
"21354671221112","11","1089378"
"21354672311123","11","3631490"
"21354672311132","11","3180762"
"21354672313211","11","9804358"
"21354673131113","11","1243935"
"21354761112233","11","3609083"
"21354761112311","11","2016047"
"21354761113211","11","3066274"
"21354761113322","11","3315784"
"21354761122211","11","2338788"
"21354761133311","11","2754247"
"21354762213311","11","3847497"
"21354763312211","11","3926909"
"21357462311111","11","3077055"
"21357463213331","11","2008110"
"21357642221132","11","2516453"
"21364752311111","11","2538871"
"21364753212212","11","1746128"
"21365742221312","11","2294940"
"21365742312323","11","3387934"
"21367451311331","11","1292842"
"21367452112112","11","1240763"
"21374653333121","11","1572360"
"21375462312233","11","2891003"
"21375463333211","11","2670748"
"21376541111123","11","1456423"
"21376541112311","11","2018119"
"21376541122211","11","2339315"
"21376541131133","11","2357930"
"21457631321123","11","3220588"
"21473563331312","11","2565180"
"21536742222131","11","2208492"
"21654372231323","11","2643162"
"21654372233321","11","1617135"
"21654373332122","11","2371328"
"21654373332221","11","1704762"
"21734652123131","11","1707415"
"23147562123131","11","5221068"
"23147651112323","11","2630689"
"23147652312323","11","2529066"
"23156471222132","11","1424453"
"23156471333132","11","1699229"
"23156473323332","11","1209436"
"23157461231333","11","1729133"
"23157462131123","11","2551142"
"23164573213133","11","1812262"
"23164752131312","11","7459840"
"23164753333313","11","2384748"
"23165471111111","11","4129840"
"23165471311133","11","3064018"
"23165471312132","11","2176337"
"23165472111122","11","2926718"
"23165472111332","11","1879361"
"23165472132332","11","1795235"
"23165472311111","11","2052513"
"23165473233221","11","1948072"
"23165741112323","11","2580882"
"23165741231312","11","1828696"
"23165742123131","11","4726687"
"23165742131321","11","2985909"
"23165742131333","11","8031960"
"23165742312323","11","2793345"
"23165743331312","11","2636858"
"23167541233322","11","2066521"
"23167542131222","11","4429729"
"23174652123131","11","4682968"
"23175463211222","11","1933169"
"23176452132221","11","2284551"
"23176453332233","11","2368709"
"23416752121211","11","2818709"
"23417563232123","11","2070063"
"23456173212332","11","1685250"
"23456173233122","11","1577045"
"23456713212332","11","1403806"
"23475162121112","11","3028286"
"23517462131333","11","2472726"
"23576412233321","11","1580087"
"23576412312323","11","1513667"
"23657142121112","11","4134873"
"23671452122333","11","3960514"
"23674153232321","11","1505795"
"23751461132123","11","2619891"
"23751463112321","11","3472852"
"23756143222331","11","1453899"
"23756411222312","11","1892430"
"23756413222112","11","1402353"
"23756413223312","11","1576764"
"23756413322312","11","954734"
"24153672321233","11","2012872"
"24157361313212","11","2719970"
"24157362323111","11","3642325"
"24167353132232","11","2189672"
"24173652323231","11","1519919"
"24315673311311","11","4616499"
"24315761122322","11","1868060"
"24315762213323","11","9747222"
"24351671212211","11","2973316"
"24351673111133","11","3956567"
"24351673311311","11","4758967"
"24351761111123","11","2420352"
"24351761212232","11","2353364"
"24367511323112","11","2267221"
"24367513111121","11","1519973"
"24376512222122","11","2486162"
"24516732233111","11","2978526"
"24531673123121","11","1478145"
"24536713231232","11","1390874"
"24537613231322","11","2416714"
"24561372111131","11","3271631"
"24563711121212","11","2632686"
"24563712121232","11","3308252"
"24563713121222","11","4836063"
"24571362221213","11","5236804"
"24571631121212","11","2314673"
"24615371112332","11","2143111"
"24615372213311","11","2782371"
"24615731122313","11","3510651"
"24615731132333","11","3888368"
"24615732111323","11","2335999"
"24615732213311","11","4146996"
"24615732233321","11","3200245"
"24615733113323","11","3416224"
"24615733311122","11","3884410"
"24617532233321","11","3885390"
"24637512311132","11","5194456"
"24651731113223","11","1865020"
"24651731333333","11","1743688"
"24715363311332","11","1850118"
"24715631111111","11","4358610"
"24715631122121","11","1798920"
"24715631122133","11","5020245"
"24715632313223","11","3744993"
"24715633112111","11","1248902"
"24715633131131","11","1863144"
"24716532323231","11","3104183"
"24731561111111","11","12068054"
"24731562311231","11","3627712"
"24736512222332","11","2560617"
"24751362221231","11","2370362"
"24751362321113","11","3065085"
"24761531221223","11","1717379"
"24763151111111","11","5275907"
"24765313222112","11","1820803"
"25134672233321","11","2406467"
"25134672312323","11","2303299"
"25134672313211","11","9844832"
"25137461111111","11","7616385"
"25137461211323","11","3225480"
"25163741112323","11","5042306"
"25314673111313","11","4889704"
"25314673111331","11","3758765"
"25314673131311","11","3842482"
"25341673113311","11","5291950"
"25341762313223","11","2330210"
"25364172311231","11","3921868"
"25364173223231","11","1578428"
"25367411211122","11","2009657"
"25413672323111","11","3960630"
"25413763121222","11","2525533"
"25436711311313","11","2185470"
"25436712123122","11","1905545"
"25436712123332","11","2927118"
"25436712132122","11","1788131"
"25436712323231","11","1999964"
"25436713232321","11","1407841"
"25436713332122","11","2457478"
"25463713212332","11","840890"
"25471362323132","11","3180358"
"25471631312213","11","2976938"
"25631741212121","11","2647325"
"25634713321232","11","2031955"
"25641371213132","11","1590668"
"25714632123131","11","3180804"
"25714632223331","11","3589183"
"25714632313211","11","8642234"
"25714633121333","11","4096983"
"25716431212223","11","4272030"
"25716433223213","11","1549407"
"25731642232211","11","4570245"
"25734162221111","11","2017819"
"25734613113323","11","3343455"
"25736141111123","11","2094914"
"25736141233232","11","2676529"
"25736411133113","11","1482495"
"25736411231321","11","2097353"
"25736411321312","11","1054128"
"25736411331113","11","1544922"
"25736413123112","11","1771943"
"25741361232113","11","3347488"
"25741632222323","11","2655727"
"25741632312323","11","1617041"
"25743611233232","11","1479664"
"25763142223133","11","4813902"
"25763411332322","11","1994193"
"26135742132221","11","1757942"
"26135742213323","11","6002706"
"26135742332312","11","1674654"
"26153471122121","11","2143035"
"26153473131131","11","3070070"
"26153473132121","11","1869037"
"26154372332213","11","4976902"
"26175432331133","11","2208249"
"26317451212211","11","4970402"
"26345711223113","11","1196539"
"26371453112111","11","2326623"
"26415731322323","11","1985963"
"26415732121223","11","2258296"
"26415732233321","11","3387379"
"26435712222122","11","7359173"
"26435712233321","11","2734827"
"26435712311132","11","4570094"
"26435712322322","11","2994257"
"26435713311122","11","4302894"
"26435713333133","11","2294699"
"26437512122312","11","4419365"
"26453172211133","11","4633023"
"26453711333333","11","1377232"
"26513471122121","11","2255092"
"26517343333313","11","3297018"
"26534713333313","11","3920209"
"26543171111111","11","5275218"
"26543171123111","11","2035348"
"26547313131323","11","1954383"
"26573413331312","11","2439705"
"26714531212133","11","3997708"
"26714532121133","11","2507029"
"26715433231322","11","1859104"
"26741351232113","11","2636446"
"26743512121232","11","4241352"
"27134561131133","11","3580480"
"27154632311132","11","1799743"
"27314652313211","11","15463107"
"27365412321212","11","2808236"
"27415363131113","11","1690486"
"27415632323231","11","2702541"
"27415633321322","11","2823019"
"27416532133232","11","1266460"
"27416533321232","11","2517199"
"27435612122222","11","7219500"
"27453161123111","11","2038145"
"27453161132111","11","1754571"
"27456133132223","11","2163473"
"27516341111111","11","4899138"
"27534161111111","11","5952836"
"27534161111123","11","2329835"
"27534162311111","11","1592419"
"27534612311132","11","4845078"
"27536412332312","11","2285483"
"27543611111123","11","2370981"
"27543611111132","11","1877989"
"27546312231122","11","3951862"
"27613543333133","11","2319250"
"27614353311332","11","1920313"
"27615431312333","11","2271635"
"27615432113321","11","3851855"
"27615433313213","11","1837776"
"27634511131133","11","1710981"
"27634512233321","11","2526214"
"27643513311233","11","2197630"
"31246753312211","11","3304994"
"31247651113232","11","2202288"
"31247651323232","11","1491473"
"31256471231222","11","1739490"
"31257462222221","11","3308732"
"31257462312311","11","2340959"
"31257643311122","11","2919951"
"31264572122213","11","3866503"
"31264573132313","11","1046959"
"31264573222223","11","1236944"
"31264752132122","11","1668429"
"31264752313121","11","4193210"
"31265471111111","11","4654187"
"31265471122112","11","1627901"
"31265471122133","11","2909298"
"31265471312213","11","2758456"
"31265471313113","11","1550279"
"31265471321111","11","1960814"
"31265472233321","11","5590055"
"31265472312233","11","5018241"
"31265741233331","11","2331589"
"31267542222233","11","2315121"
"31267542313133","11","4546866"
"31275461112233","11","2161070"
"31275461322233","11","3878540"
"31275462133211","11","2445762"
"31275462223211","11","1646544"
"31275462311213","11","2614251"
"31275462312212","11","3726286"
"31275463311122","11","3234593"
"31276452133322","11","1873491"
"31276452313313","11","2245440"
"31452671323211","11","2065757"
"31452671332232","11","1718313"
"31452672322331","11","1875496"
"31456722111221","11","2153995"
"31462751111111","11","8655657"
"31462751113322","11","2091618"
"31475261322233","11","2707814"
"31475262331313","11","2254480"
"31475262333221","11","2015172"
"31524673332122","11","2209420"
"31527643332122","11","1250459"
"31564272212111","11","3513457"
"31564272213311","11","1474492"
"31564273113311","11","1933580"
"31572461122133","11","5578333"
"31624751112233","11","1807826"
"31624753312211","11","3522147"
"31627452221333","11","2274197"
"31654272313322","11","2540771"
"31754621331122","11","3063941"
"31765242322121","11","1900408"
"32145671111111","11","15844535"
"32145671123333","11","1325215"
"32145671132222","11","1481764"
"32145671221112","11","2308456"
"32145671333333","11","2073321"
"32145672113333","11","1238739"
"32145672212222","11","1845460"
"32145673112222","11","1180161"
"32145673311113","11","1675036"
"32146751232323","11","3939542"
"32146752232223","11","4890362"
"32147562313223","11","1522189"
"32147562333233","11","5361198"
"32147651123333","11","1292136"
"32147651132222","11","1196291"
"32147651213333","11","1373494"
"32147651312222","11","1139892"
"32147652113333","11","1108217"
"32147652231332","11","1531771"
"32147652233213","11","3714412"
"32147652331322","11","3643088"
"32147652332213","11","4400283"
"32147653112222","11","1226378"
"32156471111111","11","12509761"
"32156471113211","11","1662356"
"32156471232332","11","1470015"
"32156472312332","11","1192004"
"32156472332132","11","1777715"
"32156472332321","11","2479956"
"32156472333332","11","4481980"
"32156473223123","11","1515156"
"32156741112323","11","11369928"
"32156742311123","11","3506379"
"32156742313223","11","1839768"
"32156742333131","11","2577276"
"32157641232323","11","3934764"
"32157642231323","11","2059905"
"32164571111111","11","12864089"
"32164571111231","11","1653965"
"32164571232323","11","3742260"
"32164572232223","11","4486263"
"32164572232313","11","2939257"
"32164572233321","11","3854623"
"32164572312323","11","4576759"
"32164573323212","11","2212045"
"32165741111111","11","13312217"
"32165741111132","11","1647439"
"32165741233223","11","1761344"
"32165742211112","11","2193023"
"32165742331112","11","3544888"
"32165743311131","11","1874106"
"32167451111111","11","12843617"
"32167451213333","11","1339719"
"32167451222222","11","2061804"
"32167451312222","11","1116549"
"32167451333111","11","1977255"
"32167452211121","11","1624544"
"32167453222313","11","1705003"
"32167453313333","11","2003515"
"32167453321232","11","1967559"
"32174561112323","11","10186571"
"32174561232113","11","4696792"
"32174561232233","11","5121114"
"32174562231212","11","3058082"
"32174652312332","11","1142570"
"32174652332132","11","1778489"
"32175461111111","11","12856798"
"32175461113112","11","1620855"
"32175461221112","11","1962324"
"32175461333111","11","1965559"
"32175462233111","11","4343105"
"32175462312323","11","5704677"
"32416753121222","11","2898749"
"32417562113321","11","3091439"
"32417652132131","11","1462021"
"32417653132121","11","1464371"
"32451762331121","11","2093344"
"32456173212332","11","1060947"
"32456711233133","11","2891510"
"32465172112121","11","2926091"
"32465172132131","11","2195819"
"32465172133121","11","1500227"
"32465172332321","11","2946961"
"32465173123121","11","1559057"
"32465173132121","11","1573595"
"32465173133111","11","1651777"
"32465173233221","11","1454401"
"32475161232323","11","2321489"
"32475163331222","11","1436743"
"32476513232231","11","1462759"
"32517463131311","11","3746003"
"32546713323212","11","1420851"
"32547611121113","11","1641295"
"32547611131112","11","2963442"
"32547611213111","11","2637693"
"32547611312111","11","1918676"
"32547612111311","11","2244487"
"32547613111211","11","2217858"
"32561471113133","11","2336665"
"32561471121311","11","2426565"
"32561471122211","11","3330699"
"32561471131211","11","2301658"
"32561471211131","11","3942861"
"32561471311121","11","1985750"
"32561472133313","11","3473207"
"32561472213122","11","2183521"
"32561473222223","11","1174430"
"32561473323212","11","2453220"
"32567412122222","11","2495016"
"32567412131312","11","3007323"
"32567412222212","11","6264502"
"32567413131212","11","3182615"
"32567413133333","11","2067955"
"32576142313223","11","1936390"
"32615473332122","11","1577135"
"32647152133121","11","2246893"
"32647153132121","11","1442395"
"32647512333233","11","2475882"
"32657143121213","11","4193504"
"32657412111212","11","1544745"
"32671453123313","11","3984771"
"32674152113333","11","1964532"
"32714652332132","11","1360442"
"32716452123212","11","3215607"
"32741651121311","11","3225525"
"32741651131211","11","2364355"
"32741651211131","11","3323506"
"32741651311121","11","1958676"
"32741652111113","11","2492494"
"32741653111112","11","2669304"
"32745611223332","11","2876784"
"32745612313322","11","6730914"
"32745612322331","11","1677444"
"32751643321232","11","1541677"
"32754163211123","11","2987214"
"32756141233121","11","1753017"
"32761452121313","11","1527558"
"32761452122222","11","2137773"
"32761452222212","11","1541599"
"32761453121312","11","3724298"
"32761453133333","11","2061011"
"32765411112221","11","2004064"
"32765411121113","11","1568064"
"32765411131112","11","2953238"
"32765411133113","11","1860385"
"32765411331113","11","1456746"
"32765412221312","11","1464490"
"32765412323222","11","3315679"
"32765413122212","11","3378927"
"32765413223312","11","1051525"
"32765413231223","11","1441756"
"32765413322312","11","1586145"
"34125672131213","11","6193762"
"34125672131312","11","3423960"
"34125672221222","11","2464550"
"34125673133333","11","2009599"
"34127651121113","11","1846075"
"34127651131112","11","2550450"
"34127651213111","11","3005226"
"34127651312111","11","1565756"
"34127652111311","11","3175739"
"34127653111211","11","1454491"
"34162752132212","11","5634150"
"34165271112212","11","2283087"
"34165271121311","11","2170049"
"34165271131211","11","3389659"
"34165271211131","11","3117429"
"34165271311121","11","2361269"
"34165271311133","11","2901068"
"34165272323333","11","4282374"
"34165273133312","11","3695686"
"34165273222322","11","1685219"
"34165273311131","11","1215532"
"34167252213323","11","3605042"
"34172562132332","11","2315071"
"34172562313331","11","2179286"
"34175263321232","11","1365605"
"34216572213122","11","4350644"
"34261572132131","11","2031016"
"34261572133121","11","1436081"
"34261573123121","11","1720246"
"34265712212132","11","2937404"
"34275161312213","11","5492031"
"34275162112322","11","3095174"
"34275162213221","11","3192585"
"34516271111111","11","5072531"
"34516272312332","11","2137458"
"34516722313223","11","3363500"
"34517622231323","11","2279243"
"34521672223232","11","2494894"
"34526713232312","11","2949762"
"34527612211322","11","4164659"
"34527612231122","11","3637029"
"34527612231332","11","2197442"
"34527612331322","11","1851842"
"34527613312133","11","1375832"
"34561272122123","11","1346326"
"34561272122321","11","3173641"
"34561272212213","11","3307440"
"34561272213122","11","2436424"
"34561272232211","11","3178211"
"34561273221233","11","1421258"
"34561273233131","11","1407826"
"34561273311233","11","2016674"
"34561273313321","11","1937973"
"34561273321133","11","2593173"
"34561273321223","11","1317876"
"34561721111111","11","5124188"
"34562171321111","11","1977953"
"34562171321231","11","2505000"
"34562172232313","11","1914164"
"34567212223232","11","4145502"
"34617252111212","11","1633673"
"34617252123212","11","4272599"
"34617252132212","11","2905530"
"34617522221333","11","1881056"
"34621572132131","11","1547552"
"34625172111212","11","1998555"
"34627512232313","11","2827923"
"34651271123111","11","2175273"
"34651272332132","11","1192361"
"34675212222122","11","6030790"
"34715262221123","11","2289719"
"34716522223211","11","4735864"
"34721652121313","11","6158303"
"34721652131213","11","2208872"
"34721652221222","11","3367576"
"34721652222212","11","1990841"
"34721653333313","11","1771354"
"34725611212211","11","2069777"
"34725612111113","11","1623282"
"34725612121322","11","7428911"
"34725612231212","11","7033630"
"34725612231332","11","1801043"
"34725612322232","11","2762441"
"34725612331322","11","1988652"
"34725613111112","11","1810261"
"34725613111133","11","2762843"
"34725613132223","11","2387053"
"34725613311113","11","2394341"
"34761252323222","11","1802158"
"35126741232212","11","1480694"
"35126742231233","11","5139379"
"35127462331331","11","1618543"
"35162472122231","11","2154386"
"35162472123233","11","3232254"
"35162473122221","11","1647883"
"35162473323131","11","1790890"
"35162473332122","11","3070512"
"35162473332131","11","2556301"
"35162742213323","11","3605305"
"35167242132212","11","4821280"
"35172461232323","11","2373368"
"35174262213131","11","2690608"
"35174262231113","11","2820790"
"35246171111111","11","8475595"
"35246171113322","11","2039721"
"35246172213311","11","2304030"
"35267141223233","11","1763657"
"35267141321132","11","3972746"
"35271461322233","11","2202019"
"35416721113112","11","1309747"
"35416723232213","11","2545254"
"35417622223133","11","3255549"
"35426712131132","11","2358920"
"35426712311312","11","2037361"
"35426713111313","11","2646302"
"35426713131113","11","2489377"
"35426713312211","11","2302329"
"35461271111231","11","2430206"
"35461271321231","11","3324078"
"35461272222323","11","3109885"
"35462171131313","11","2774707"
"35462171212121","11","2909648"
"35462171221223","11","1945410"
"35462171332331","11","2188038"
"35462172213311","11","3798776"
"35462172223331","11","2876504"
"35462172312131","11","2871808"
"35462173123211","11","1328025"
"35462173131311","11","1636955"
"35462173221221","11","1299181"
"35462712322322","11","1838622"
"35472163222313","11","1382868"
"35472163231322","11","1375089"
"35476122221111","11","3023728"
"35614722321233","11","2344791"
"35617423131332","11","2681164"
"35624712121232","11","4138751"
"35624712321212","11","4853515"
"35624712321332","11","1885407"
"35624712331232","11","1835533"
"35714623111322","11","2136339"
"35721642221213","11","6257314"
"35762142222113","11","2640349"
"36125471111333","11","1910926"
"36125471212112","11","2624325"
"36125471213111","11","2984183"
"36125471222111","11","2152090"
"36125471312111","11","1558143"
"36125472111311","11","3152468"
"36125472121223","11","3562725"
"36125473111211","11","1535224"
"36125473232222","11","4706347"
"36125473323233","11","2587949"
"36125743222331","11","2792491"
"36127451333222","11","2811486"
"36145272122222","11","1819092"
"36145272131213","11","3021189"
"36145272131312","11","5904945"
"36145273333313","11","2616672"
"36147251121311","11","2086061"
"36147251131211","11","3461981"
"36147251211131","11","2856367"
"36147251311121","11","2335869"
"36147252111113","11","2340707"
"36147253111112","11","1981120"
"36152741231312","11","2006684"
"36152742131321","11","2831797"
"36172452133133","11","2362658"
"36217452131333","11","2904060"
"36217541223311","11","2014191"
"36217543213112","11","1663102"
"36241573212332","11","2409343"
"36241753212311","11","1785866"
"36415272123212","11","4361525"
"36417522123311","11","3804350"
"36514272212111","11","3516806"
"36521472113321","11","3731950"
"36521472331121","11","1096241"
"36527411131133","11","1876128"
"36527412111113","11","1623932"
"36527412131222","11","2332553"
"36527412211322","11","4368615"
"36527412221312","11","2481365"
"36527412231122","11","3494409"
"36527412322232","11","2724749"
"36527413111112","11","1744917"
"36527413311311","11","1839636"
"36541272323222","11","1802914"
"36542712121322","11","3646460"
"36547212121313","11","4392332"
"36547212122222","11","7024295"
"36547212131312","11","3033138"
"36547212221222","11","2346705"
"36547213331333","11","1651407"
"36712542121112","11","3253078"
"36712542121121","11","2187607"
"36712542121211","11","3195191"
"36712542122111","11","1875687"
"36714252232223","11","2547838"
"36714521232113","11","2861321"
"36714522121322","11","4555937"
"36714522122213","11","6146527"
"36714523132223","11","1934983"
"36714523132322","11","1195025"
"36721451131331","11","1656406"
"36721452121322","11","4200257"
"36721452122123","11","1433480"
"36721452122213","11","3677048"
"36721452122321","11","1868224"
"36721452131111","11","4783906"
"36721452223232","11","2396126"
"36721453113113","11","1983859"
"36721453121111","11","2264836"
"36725411121212","11","1356378"
"36725411131313","11","902256"
"36725411212121","11","907648"
"36725411313131","11","1333459"
"36725412111212","11","6785259"
"36725412121112","11","6219777"
"36725412121211","11","1471698"
"36725412121232","11","4131900"
"36725412123212","11","1430272"
"36725412321212","11","4218886"
"36725413111313","11","2971237"
"36725413131113","11","2576343"
"36725413131311","11","1087317"
"36741252122123","11","1508443"
"36741252122321","11","3153343"
"36741252122333","11","2332993"
"36741252123323","11","3529551"
"36741253233131","11","1452144"
"36745211211221","11","1571783"
"36745212121223","11","1753164"
"36745212122312","11","2634867"
"36745212122333","11","2207278"
"36745212123323","11","1330030"
"36745212131111","11","2948626"
"36745212223232","11","3457554"
"36745213121111","11","2440756"
"36745213131131","11","1166247"
"36745213133111","11","2124360"
"36745213232213","11","1737313"
"36751243222322","11","1294985"
"36752142122132","11","3159148"
"36752142123221","11","1328649"
"36752143132232","11","1934257"
"36752143133222","11","1286706"
"36752143211132","11","2948877"
"36754123232222","11","2502135"
"37246511112233","11","2446087"
"37256142321233","11","1698895"
"37415622333221","11","2670465"
"37426513132313","11","1281611"
"37452162323312","11","1398332"
"37516422333311","11","2032611"
"37561241311112","11","2177233"
"37612453122233","11","1746883"
"37612542221111","11","3103347"
"37614252221123","11","1983573"
"37614521111111","11","4734951"
"37614521323232","11","2174046"
"37614522111221","11","1587121"
"37614522113321","11","5852323"
"37614522313322","11","3205335"
"37614522323312","11","1625923"
"37614523232213","11","2147083"
"37615421113322","11","3441105"
"37615422211133","11","4239844"
"37615422223133","11","2917083"
"37615422313121","11","3123909"
"37615422313331","11","2379152"
"37615423121132","11","1763662"
"37624152311213","11","4689675"
"37624511232233","11","2523889"
"37624512121322","11","8132542"
"37624512231212","11","6450059"
"37624513131323","11","2289564"
"37624513231313","11","2253535"
"37641252222323","11","3546631"
"37642152213311","11","4371690"
"37642513122221","11","1629889"
"37645122312221","11","1575236"
"37651242211133","11","2532832"
"37651422312311","11","2821128"
"37652141113232","11","2507877"
"37652143231322","11","1355340"
"37654212311222","11","2879967"
"41236753232321","11","2763904"
"41237561313131","11","4743892"
"41263751312222","11","3958769"
"41325671212211","11","3287777"
"41325762313223","11","1415463"
"41325763131233","11","2459426"
"41352671212112","11","2230995"
"41352671212121","11","3143021"
"41352671222111","11","1891522"
"41357622313112","11","1939470"
"41367253111133","11","2544906"
"41532672313211","11","4580922"
"41532761233133","11","1546201"
"41563273113311","11","2031267"
"41576322212222","11","2687422"
"41625372313211","11","5447942"
"41625373121213","11","7317642"
"41625731222231","11","1454781"
"41635721212121","11","3162668"
"41657321222312","11","1926731"
"41673252212222","11","1473546"
"41673521111111","11","5317363"
"41723562313211","11","8578683"
"41725361232113","11","2019430"
"41725361321213","11","2261229"
"41725362221213","11","3467424"
"41725362313211","11","2172126"
"41725362313223","11","4391279"
"41725363121222","11","3261833"
"41725363121231","11","1569384"
"41725631111111","11","4677847"
"41725631211122","11","2117806"
"41725632322331","11","1813315"
"41725633111133","11","2772974"
"41725633121123","11","2328532"
"41725633211111","11","2588641"
"41726352313322","11","2921099"
"41726532312233","11","3912131"
"41735261323313","11","1293044"
"41735262312233","11","3345959"
"41735263123223","11","1885922"
"41735621233232","11","1179034"
"41735622313322","11","5110649"
"41736521233232","11","1487604"
"41736522332231","11","2042985"
"41752631222123","11","2729210"
"41752632311123","11","3127518"
"41752632312323","11","3197724"
"41752632313211","11","9908356"
"41756231321213","11","2693157"
"41756233121231","11","1756560"
"41762532221333","11","2586391"
"41762533123331","11","2387144"
"41765231233232","11","1172226"
"41765322221312","11","3120381"
"41765322313211","11","9957006"
"41765323122212","11","2892015"
"42136752131312","11","4330671"
"42137561123333","11","1525395"
"42137653122131","11","1982391"
"42137653132121","11","1390553"
"42157633231322","11","2630621"
"42163751121212","11","1852702"
"42165373223123","11","1141267"
"42167532131333","11","4473999"
"42315673112111","11","2024732"
"42351671212211","11","1426101"
"42351763231133","11","3554931"
"42367153111121","11","2476299"
"42367153211123","11","3288144"
"42516372233111","11","3084558"
"42561733323122","11","1409607"
"42573612323231","11","2189005"
"42573613322231","11","1774980"
"42613572313211","11","5108289"
"42615371313332","11","2405001"
"42615372213311","11","3522253"
"42615372221213","11","3993868"
"42615372313211","11","2281105"
"42651372213311","11","2078471"
"42651733311122","11","3307543"
"42673512232133","11","2429998"
"42751632321233","11","3504845"
"42751632323231","11","2604827"
"43126572133313","11","1447863"
"43167251232212","11","2453301"
"43176252123131","11","3279940"
"43176252311132","11","1957887"
"43216573132121","11","1789541"
"43216573132223","11","3019612"
"43216573212311","11","1714128"
"43216573212332","11","3294661"
"43512671313332","11","1663894"
"43527612312323","11","1756510"
"43561271111111","11","4956717"
"43571262122222","11","3087605"
"43572161111111","11","4405615"
"43572612312323","11","4213302"
"43576211123222","11","2655482"
"43576212112232","11","2259881"
"43615271333312","11","921603"
"43615272113321","11","2807177"
"43617521223221","11","1777635"
"43621752213323","11","2215001"
"43651722323132","11","2346836"
"43675122222122","11","3187319"
"43675211221331","11","1057747"
"43721653231313","11","2272470"
"43751623123313","11","5264472"
"43765212222122","11","4118487"
"45167323322231","11","1876151"
"45176231131313","11","5681560"
"45176231133113","11","2944308"
"45176231331113","11","2838991"
"45176233131113","11","5907209"
"45176321131133","11","3335619"
"45213672221123","11","2642282"
"45273162222122","11","2614922"
"45276131131133","11","2900316"
"45312671222312","11","1988459"
"45312672223331","11","3350296"
"45312672233321","11","3341656"
"45312672313211","11","8637691"
"45312673132313","11","4460935"
"45312673222112","11","1153042"
"45312673231313","11","2101999"
"45312761113211","11","3112403"
"45312761133311","11","1671589"
"45312762221111","11","1596770"
"45312762311111","11","2724579"
"45321671212211","11","3385892"
"45321671221121","11","1435302"
"45321673113311","11","4946694"
"45327612222323","11","1341684"
"45362712122222","11","4369449"
"45367122223133","11","3139334"
"45367211111132","11","3848532"
"45367211211122","11","3924520"
"45367213111133","11","4387364"
"45376121131133","11","3101137"
"45376121331311","11","1754732"
"45376211333123","11","1282132"
"45376213131323","11","2427579"
"45376213333322","11","2735801"
"45612371133221","11","2170239"
"45612372331121","11","1447437"
"45612373112231","11","2837022"
"45612373132121","11","1417035"
"45612373132223","11","2832772"
"45612373322111","11","1263621"
"45612373332122","11","1597385"
"45612373332221","11","1731126"
"45613271331221","11","842512"
"45613272233111","11","5150008"
"45621373123331","11","1867034"
"45621373211111","11","1998548"
"45621732212123","11","2236526"
"45621732233333","11","2739033"
"45623712332123","11","1606208"
"45623713322321","11","1227282"
"45637123132121","11","1771428"
"45637123332122","11","1331186"
"45671231132231","11","1198449"
"45671233112132","11","2659137"
"45673212212132","11","1232412"
"45673213211222","11","4630897"
"45713623223132","11","2127896"
"45721363321313","11","2557614"
"45721363322231","11","2130719"
"45732612233321","11","1521539"
"45736121122211","11","3250444"
"46123571111111","11","12615054"
"46123573232123","11","5504472"
"46125731333123","11","1320534"
"46127351131313","11","2966854"
"46127352131333","11","3730789"
"46127353131323","11","3026577"
"46135272133313","11","3578935"
"46153273131131","11","2038120"
"46157233333232","11","2890165"
"46157321331233","11","1547404"
"46215372121223","11","2204401"
"46215372313211","11","12240446"
"46257132211133","11","3061780"
"46257313312211","11","5328924"
"46273512122312","11","3227461"
"46273513221212","11","2833986"
"46275311123222","11","1994840"
"46275312112232","11","2219426"
"46275312132212","11","2018085"
"46275312232133","11","4347834"
"46275312313211","11","2865268"
"46275313121222","11","6411036"
"46275313312211","11","3545590"
"46321752111131","11","1330257"
"46352171211233","11","1717844"
"46352172113231","11","2026575"
"46372511221331","11","1195061"
"46375211211332","11","1542267"
"46375212113111","11","1651453"
"46375212132131","11","1537001"
"46375212132221","11","1707962"
"46375212332222","11","3579200"
"46375213112111","11","2367903"
"46375213123121","11","1788225"
"46375213333121","11","1606033"
"46512371331221","11","1370838"
"46512372113321","11","3582402"
"46513272332111","11","1369297"
"46513273113221","11","1931754"
"46523711331332","11","1300934"
"46527133111121","11","2071839"
"46572311223122","11","1805147"
"46572312132122","11","1288462"
"46721533123313","11","4800634"
"47123562232133","11","5732934"
"47123651233232","11","1406731"
"47126351233232","11","1053313"
"47126532133133","11","4731586"
"47132562311111","11","2621655"
"47132563222331","11","2561975"
"47132652233321","11","4391456"
"47135622132332","11","2115571"
"47136252133112","11","2682367"
"47152361233232","11","1396635"
"47152631322131","11","1875492"
"47156231332313","11","2581330"
"47156233211132","11","3350385"
"47156233223312","11","1512799"
"47156233233113","11","2536426"
"47156233322312","11","1423425"
"47156321111111","11","4129236"
"47156321133311","11","3308753"
"47156322132311","11","1987074"
"47156322313232","11","1132499"
"47156322332132","11","2180025"
"47156322332312","11","1583045"
"47156323223123","11","1701995"
"47162351322122","11","1982416"
"47163522131222","11","2127721"
"47165321232113","11","4796454"
"47165321322131","11","2883729"
"47165322132212","11","6002681"
"47165322133112","11","2882251"
"47165322232133","11","4184964"
"47165322313211","11","2612359"
"47216352131333","11","2982234"
"47251363131113","11","1935822"
"47251632131312","11","3153814"
"47256133212311","11","2272690"
"47256133321232","11","2294939"
"47265312122222","11","7158873"
"47265312131312","11","2458105"
"47265312313211","11","7806479"
"47321651311133","11","2358338"
"47352612123131","11","2977871"
"47352612311132","11","2644118"
"47352612313211","11","4439124"
"47512632312323","11","2093251"
"47621532232331","11","1144170"
"47621533231121","11","2113194"
"47632152233321","11","1714857"
"47632153212311","11","2386105"
"47632153232321","11","2595639"
"47632513212332","11","1837696"
"47652132231323","11","3034851"
"47653213211231","11","2086625"
"47653213232111","11","2492127"
"51264731113322","11","1672118"
"51264732213311","11","1612860"
"51267342312233","11","3310435"
"51324671211122","11","2837078"
"51324672212111","11","3771997"
"51324673113311","11","3604974"
"51324761111123","11","1548188"
"51324763113332","11","2022389"
"51342672212111","11","3259437"
"51342763312223","11","20229570"
"51367241211113","11","1513120"
"51423671221331","11","1436965"
"51426731111111","11","4341850"
"51426733312211","11","1903543"
"51472361131313","11","1695782"
"51472633331312","11","4547870"
"51623471321111","11","1631038"
"51623743313321","11","1755230"
"51624731312123","11","2184698"
"51624733323113","11","2376504"
"51632741323232","11","1854876"
"51642371122313","11","4551482"
"51642731113322","11","4376999"
"51647231113232","11","2074364"
"51723643131311","11","2964737"
"51724362122222","11","2407609"
"51724363121213","11","7499158"
"51726433123313","11","3296718"
"51732643121213","11","4354302"
"51742632323231","11","3080695"
"51742632323333","11","2050912"
"52134761232113","11","2660350"
"52147631121311","11","2420407"
"52147631131211","11","2776980"
"52147631211131","11","1867691"
"52147631311121","11","2049880"
"52147632111113","11","2509195"
"52147633111112","11","2971708"
"52163471112122","11","2048490"
"52163471213111","11","1449039"
"52163471312111","11","3027804"
"52163471333123","11","1036959"
"52163472111311","11","1518036"
"52163472131222","11","3362364"
"52163473111211","11","3215882"
"52163473111331","11","1914755"
"52163473221323","11","1603281"
"52163473323332","11","2228194"
"52167342121232","11","2913675"
"52167432121313","11","1546682"
"52167432122222","11","2644051"
"52167432131213","11","2980988"
"52167433133333","11","2553562"
"52167433331333","11","5799414"
"52174633223123","11","1685769"
"52314673311311","11","4322165"
"52314761322122","11","1464069"
"52341671111111","11","8567701"
"52341671122211","11","1924657"
"52341671311313","11","2435571"
"52341672211112","11","4999250"
"52341672232313","11","3126516"
"52341672323222","11","2202694"
"52341672323312","11","1876993"
"52341673133111","11","1953987"
"52341673232213","11","1294848"
"52341673232333","11","2234429"
"52341673323212","11","3000495"
"52361472121313","11","1975383"
"52361472131312","11","2108710"
"52367142211121","11","3116460"
"52367412322232","11","2318698"
"52374161112323","11","2730864"
"52376413222223","11","1412975"
"52463173212332","11","2418531"
"52463713212332","11","2086955"
"52471631223113","11","1365391"
"52471631323112","11","2840384"
"52614372313211","11","2924704"
"52641733212311","11","3315048"
"52641733232321","11","2491408"
"52673413232123","11","1608594"
"52713461232323","11","1766740"
"52714361232113","11","2328196"
"52714633213223","11","1582994"
"52714633223123","11","2676955"
"52731641233112","11","1431923"
"52731641323112","11","1402821"
"52736141322233","11","3236703"
"52741362313211","11","3726962"
"52741362313223","11","1425855"
"52741632122333","11","2784199"
"52741632123323","11","3614160"
"52741632212213","11","2465966"
"52741632212231","11","1542416"
"52741632232211","11","1879643"
"52741633221233","11","1303425"
"52741633313312","11","1329913"
"52741633313321","11","2019314"
"52741633321223","11","3096947"
"52741633323311","11","1495881"
"52743611111213","11","1872539"
"52743611111312","11","2438219"
"52743611112131","11","1712508"
"52743611113121","11","2233268"
"52743612131111","11","1498870"
"52743613121111","11","1809183"
"52761431111213","11","1885202"
"52761431111312","11","1911201"
"52761431112131","11","2190236"
"52761431113121","11","1930782"
"52761432131111","11","1931983"
"52761433121111","11","1754440"
"52763143222331","11","2548710"
"52763411222312","11","3037433"
"52763411333123","11","1092331"
"52763413222112","11","1650055"
"52763413223312","11","2161731"
"52763413322312","11","3061517"
"53126471231231","11","2613689"
"53126471231321","11","1721200"
"53126471321321","11","2352765"
"53146272123233","11","3504043"
"53147262123131","11","3268085"
"53162743312223","11","12885475"
"53274163211222","11","2501735"
"53421671321111","11","3124221"
"53421671321231","11","1508046"
"53426171112233","11","3231660"
"53462711113322","11","4689209"
"53467211321111","11","1776317"
"53476121323112","11","2033800"
"53476121323322","11","1786114"
"53614721212121","11","2460511"
"53621471331221","11","2428875"
"53642171111111","11","4296533"
"53672142221213","11","5496177"
"53714622233111","11","2343571"
"53721463223312","11","1376397"
"53724612121112","11","1653802"
"53726143333121","11","1832322"
"53741621323112","11","4982267"
"53741621332112","11","2398460"
"53742612323333","11","1832918"
"53761242121211","11","1630431"
"53761242221213","11","2922898"
"53761242321212","11","4274263"
"53762143222331","11","1093854"
"53762413322123","11","1719923"
"54123673233323","11","2116402"
"54126371331221","11","1423306"
"54127632131213","11","3204354"
"54127632222212","11","2043142"
"54127633131212","11","4890801"
"54127633133333","11","7705928"
"54127633333313","11","3452154"
"54163271133221","11","3161058"
"54163272233111","11","7503064"
"54167231121113","11","2493134"
"54167231131112","11","2465720"
"54167231221211","11","1697141"
"54167231333213","11","1713869"
"54167232112112","11","1680722"
"54167232133313","11","7374380"
"54167232333113","11","1659044"
"54167233232333","11","2122450"
"54167233331213","11","7362279"
"54172633132313","11","1636886"
"54217362233213","11","2887719"
"54217632132212","11","4052389"
"54231671123111","11","2260290"
"54231673123121","11","1255538"
"54261373123121","11","1188488"
"54261732231233","11","1850872"
"54276132233312","11","2279074"
"54312671131331","11","1404480"
"54312672212111","11","1353337"
"54312673311311","11","2262873"
"54317261113112","11","1835450"
"54317621111222","11","1670262"
"54321672212213","11","3260449"
"54321672212231","11","2542202"
"54321672232211","11","2399246"
"54321673313312","11","3748076"
"54321673313321","11","4626374"
"54321673323311","11","2558772"
"54321761211221","11","1245347"
"54321763113113","11","2011829"
"54326171111231","11","3085299"
"54326171112233","11","1052184"
"54326171321231","11","1538696"
"54326711112212","11","2293981"
"54327612223232","11","2682918"
"54361272223232","11","2073979"
"54362171113133","11","1576359"
"54362711111231","11","1861794"
"54362711323112","11","1992636"
"54367121112212","11","3047480"
"54367121113211","11","1495028"
"54367121113331","11","3346217"
"54367122211121","11","2128423"
"54367122311111","11","2176857"
"54367123311113","11","2049143"
"54367211132222","11","3191136"
"54367211213333","11","2095327"
"54367211222132","11","1219281"
"54367211333213","11","1441499"
"54367212211322","11","2985985"
"54367212231122","11","3546284"
"54367212233213","11","1196203"
"54367212332213","11","1290484"
"54367212333113","11","1438648"
"54367213112222","11","1744647"
"54367213312133","11","2554598"
"54371261113331","11","2173813"
"54371621113112","11","2993519"
"54371621113322","11","1006774"
"54376121322233","11","2680483"
"54376211111132","11","3828558"
"54376211111222","11","1976947"
"54376211113133","11","2220872"
"54612371112311","11","3550232"
"54612372222131","11","1411297"
"54612732112223","11","3067451"
"54612733322213","11","3085951"
"54621371133311","11","2703842"
"54621372211121","11","3129523"
"54637211132111","11","1453625"
"54671232221213","11","4800163"
"54712361323313","11","2142868"
"54712362223322","11","2359415"
"54716232222113","11","2505552"
"54716321112323","11","3085110"
"54716322313223","11","3677884"
"54721631111111","11","10068703"
"54721631122121","11","2220949"
"54721631311133","11","4441609"
"54721632133232","11","1766574"
"54721632212222","11","3900937"
"54721632212231","11","1622505"
"54721633231322","11","2640496"
"54721633313321","11","1284931"
"54721633333331","11","1761046"
"54723612131312","11","4281729"
"54723612221222","11","2632356"
"54723612222212","11","5585990"
"54723613121312","11","7440992"
"54723613333313","11","3383847"
"54761233322321","11","1477651"
"54763212322232","11","2708966"
"56123471222312","11","1550249"
"56123471223221","11","1073238"
"56123471331332","11","1984417"
"56123471333123","11","1499282"
"56123472322121","11","1988290"
"56123472331331","11","1626591"
"56123473133132","11","2376299"
"56123473133231","11","1262246"
"56123473222112","11","1447751"
"56123473223312","11","1643627"
"56123473322312","11","1440893"
"56124371111231","11","1751142"
"56124371232323","11","2372129"
"56127433332323","11","3219253"
"56132472333332","11","1681727"
"56132473211111","11","2706704"
"56132473213211","11","1479787"
"56143273332323","11","4165213"
"56147231222132","11","2295554"
"56147231333213","11","1705737"
"56147232233213","11","3548707"
"56147232332213","11","3773598"
"56147232333113","11","1810568"
"56147322333233","11","2309602"
"56173421113112","11","1698998"
"56174232323333","11","3162276"
"56174321232113","11","5559508"
"56213471111111","11","6632269"
"56213743313333","11","4988332"
"56243173133111","11","2296110"
"56243713121333","11","2647328"
"56247132333233","11","1858959"
"56271433111313","11","4494616"
"56271433123313","11","2843249"
"56271433132313","11","1760698"
"56274132331133","11","1674766"
"56274312313211","11","4470040"
"56321473233323","11","1891263"
"56321742211112","11","3562575"
"56324171221331","11","2424636"
"56327411211332","11","1086536"
"56327413213112","11","1355269"
"56341273121213","11","3128889"
"56341273131212","11","4401432"
"56347122333233","11","2047123"
"56347211213111","11","2362054"
"56347211222132","11","1401851"
"56347211312111","11","2316767"
"56347211331131","11","1754090"
"56347212111221","11","1630325"
"56347212111311","11","2958861"
"56347212123233","11","1869064"
"56347212232223","11","1723082"
"56347213111211","11","2903418"
"56347213131332","11","1926939"
"56423171231231","11","1958394"
"56423171231321","11","1939845"
"56423171321321","11","2075448"
"56423172112121","11","3434636"
"56423173132121","11","2006630"
"56423173133111","11","2275027"
"56432713122122","11","2528651"
"56712341232113","11","2970433"
"56712343211123","11","2964160"
"56721343123331","11","1810563"
"56721432312233","11","4252736"
"56723411113313","11","1759137"
"56723411121113","11","1491107"
"56723411131112","11","3049527"
"56723411222312","11","1546603"
"56723412122312","11","1867590"
"56723412323222","11","2854316"
"56723413221212","11","3743729"
"56723413222112","11","1065078"
"56723413331111","11","1777698"
"56732143122113","11","1909305"
"56741231121311","11","1871874"
"56741231131211","11","2441866"
"56741231211131","11","2949789"
"56741231311121","11","2408577"
"56741232111113","11","3468570"
"56741233111112","11","2085911"
"56743212122222","11","3299674"
"56743212221222","11","7135322"
"56743213121213","11","3818617"
"56743213121312","11","2118583"
"56743213331333","11","4801967"
"57123461111111","11","12635035"
"57164322131312","11","7320232"
"57214361323232","11","1718042"
"57214632212213","11","5754750"
"57236141113232","11","1575333"
"57236141322233","11","1007039"
"57236141323232","11","2822632"
"57241631322113","11","1453952"
"57241631323112","11","1385298"
"57246131112233","11","2724924"
"57264132111323","11","4856702"
"57321641311112","11","1133268"
"57321642311132","11","6128684"
"57364212213311","11","4488213"
"57364212313211","11","9140885"
"57364213332122","11","1672726"
"57642311113322","11","2416225"
"61234572231323","11","3010928"
"61234573232213","11","2796890"
"61235741313131","11","5059208"
"61257343232123","11","1586730"
"61274351313131","11","3114428"
"61274532231323","11","2669711"
"61352472233321","11","1634975"
"61352472313211","11","23789564"
"61452731311313","11","1800645"
"61453721111111","11","5313829"
"61453721311112","11","1481783"
"61453723111121","11","2116981"
"61472532123332","11","1737861"
"61472533112111","11","1889211"
"61527431111111","11","4548717"
"61534272311132","11","2077418"
"61534721112311","11","1944594"
"61534721113211","11","1669335"
"61543271111111","11","6378444"
"61543271112311","11","1729893"
"61572432312323","11","3190567"
"61734523222331","11","2571732"
"62134572321323","11","1547833"
"62135471122121","11","2789504"
"62135472132131","11","1452712"
"62135473122131","11","1468490"
"62135473123121","11","2608128"
"62135473131131","11","1712091"
"62135473132121","11","1533350"
"62135473232231","11","1327354"
"62135473322321","11","2035893"
"62135743222331","11","1189151"
"62135743312223","11","6465738"
"62147353123121","11","1558836"
"62147353132121","11","1464435"
"62154733321121","11","1260171"
"62157342132212","11","2019670"
"62173543232132","11","1684274"
"62174351122133","11","2696390"
"62174533311212","11","2322923"
"62317453112111","11","2054748"
"62317453312211","11","2339437"
"62351743112123","11","4500725"
"62371453311311","11","1422481"
"62374511322311","11","1245577"
"62374513112321","11","2998947"
"62374513312112","11","1490627"
"62435172211133","11","4268715"
"62435172311132","11","2550714"
"62435711222222","11","2177696"
"62453713311122","11","5630509"
"62471532232133","11","2205967"
"62475131322323","11","2162373"
"62531472321233","11","3083894"
"62543711211113","11","1809000"
"62543711311112","11","3487906"
"62571432321233","11","3510510"
"62735143223213","11","2083742"
"63125741112323","11","6509903"
"63125743131233","11","2822898"
"63125743133312","11","3158360"
"63142571111111","11","7343122"
"63142571132321","11","5421847"
"63142573112123","11","6205661"
"63172452312323","11","2188675"
"63172452313211","11","14500784"
"63174522332132","11","1197569"
"63247511123132","11","3064000"
"63251743133231","11","2194308"
"63452711311313","11","1494133"
"63452712333221","11","1472572"
"63471522123131","11","3059158"
"63471522323132","11","2778881"
"63471522332132","11","1665525"
"63472512123332","11","1662265"
"63512743313333","11","3731822"
"63541271212211","11","3561740"
"63542713121333","11","4756105"
"63574212123131","11","2973798"
"63574212313211","11","3580439"
"63712542221111","11","2445680"
"63714252123131","11","1967206"
"63714521112323","11","3804449"
"63714522332132","11","1604657"
"63721541233322","11","1869350"
"63724153121213","11","8483837"
"63725141112323","11","2446731"
"63725141233121","11","1743920"
"63725142123131","11","2578032"
"63725142223133","11","4521613"
"63725143122113","11","1754693"
"63725143123313","11","4271942"
"63741252222323","11","2560125"
"63741522123131","11","2695247"
"63742511232221","11","1410211"
"63745123122212","11","2485658"
"63751242221321","11","2334223"
"63751423122311","11","1687458"
"63752141111111","11","4655878"
"63752141122211","11","3233140"
"63752141123213","11","2121436"
"63752142332132","11","2193157"
"63752143123223","11","1644514"
"63752143212323","11","1328139"
"63752143223123","11","1618473"
"63752411223212","11","1439601"
"63752411333213","11","2728263"
"63752412312323","11","4771333"
"63752412322112","11","1792242"
"63752412333113","11","2281941"
"63754213122122","11","1979182"
"64125371131313","11","3369300"
"64157321133212","11","3962290"
"64231572311132","11","1747872"
"64257131113223","11","1999710"
"64271533221212","11","2827891"
"64275131212223","11","3392834"
"64275131312123","11","2350322"
"64275132211133","11","3339073"
"64275132232133","11","5161658"
"64275133231112","11","2798365"
"64275133312211","11","1748160"
"64275311112332","11","1873105"
"64275311222222","11","3656870"
"64275313312211","11","3072495"
"64321572111131","11","1504395"
"64321572132131","11","1923397"
"64321572311132","11","6464872"
"64325713121222","11","6273925"
"64351272132131","11","1545834"
"64357212313211","11","9458164"
"64357213231322","11","4817617"
"64357213312211","11","4288151"
"64531271212211","11","3427237"
"64531272132131","11","2117136"
"64531273122131","11","1389446"
"64531273123121","11","1837533"
"64531273311311","11","1888399"
"64531273312211","11","1373142"
"64572131122223","11","1774116"
"64713253112111","11","1502792"
"65123471112311","11","2108487"
"65123471233232","11","1207263"
"65123472312311","11","2002168"
"65132471212112","11","2232395"
"65132471222111","11","1248499"
"65132471231321","11","3650889"
"65132471323121","11","2032234"
"65132472131231","11","1439450"
"65132472212231","11","2782823"
"65132472233321","11","5245380"
"65132473111331","11","2399477"
"65132473313312","11","1511496"
"65132473323311","11","1301133"
"65132741223323","11","1375815"
"65132743222331","11","2160019"
"65134721233232","11","1168326"
"65147321232113","11","5302566"
"65172431132333","11","4408000"
"65174232123131","11","2732955"
"65174232133313","11","6428714"
"65174232323312","11","2241059"
"65174233323212","11","2251478"
"65174233331213","11","6997513"
"65174322313211","11","2518491"
"65174323223123","11","1787013"
"65213741111111","11","6613303"
"65241371111111","11","9680887"
"65243712121322","11","1505547"
"65271341332331","11","1613290"
"65271432231233","11","1793538"
"65274131111111","11","4782568"
"65274131311313","11","1538761"
"65274131312213","11","2953087"
"65274132123332","11","2538430"
"65274133132223","11","1548416"
"65274133232321","11","1283466"
"65274133312223","11","5104341"
"65314272311132","11","2589101"
"65314272313211","11","3583420"
"65321472111122","11","2734706"
"65417321232113","11","3289715"
"65417323223123","11","1377345"
"65417323232123","11","2460289"
"65423713321322","11","4469240"
"65432173232321","11","2596209"
"65471231132213","11","2817095"
"65714323223123","11","1486036"
"65723143321313","11","2767668"
"65732411333123","11","1611786"
"65742311212313","11","2920604"
"67132541133311","11","2692332"
"67145323133312","11","3822220"
"67154233323332","11","1548560"
"67215343333133","11","3234892"
"67231541323112","11","6328793"
"67231543323122","11","2778624"
"67234513332122","11","1210073"
"67245131313323","11","1990379"
"67245311112311","11","3737072"
"67245311133233","11","1512507"
"67254311131133","11","2932999"
"67254313311113","11","2944374"
"67312452233321","11","3351166"
"67312541121221","11","1463976"
"67312542221111","11","1598770"
"67321451111123","11","3428471"
"67321451112311","11","2645675"
"67321451212211","11","4702359"
"67321451311133","11","2427193"
"67321452111122","11","2462220"
"67321453113311","11","3447800"
"67321542232133","11","2830615"
"67341252222323","11","1272295"
"67342512222113","11","1416958"
"67345122223133","11","3465619"
"67345122232133","11","4395503"
"67345211111123","11","2069848"
"67345211111132","11","3826336"
"67345211112233","11","3164394"
"67345211113322","11","3130976"
"67345211211122","11","3814095"
"67345211311133","11","2549358"
"67345212111122","11","2509987"
"67345213111133","11","4390549"
"67354121111111","11","6849237"
"67354211212121","11","1225056"
"67354211313113","11","1569077"
"67354211333111","11","1561700"
"67354212111221","11","1019817"
"67354212212222","11","3139523"
"67354212311132","11","4159060"
"67354213111313","11","1447076"
"67354213131311","11","1354767"
"67354213211132","11","4758939"
"67354213313333","11","3352331"
"67412353132121","11","1766057"
"67412353332221","11","1664694"
"67412531131133","11","1790185"
"67435121332112","11","1275877"
"67435123123121","11","1255788"
"67452313321232","11","3802329"
"71234563231322","11","3131072"
"71263541333222","11","2691260"
"71263542323123","11","3401880"
"71264533131323","11","2442159"
"71264533221323","11","1803004"
"71264533231223","11","2661323"
"71264533231313","11","3174030"
"71326451211311","11","2298462"
"71326453132121","11","1614250"
"71326543333313","11","3302843"
"71345262132131","11","1482234"
"71362453113311","11","3010472"
"71365423331312","11","2211300"
"71423563213232","11","1202823"
"71423653213232","11","1523269"
"71426353312211","11","3454697"
"71426533333223","11","2708332"
"71432561232323","11","2566240"
"71432561323232","11","1752898"
"71432562111221","11","1785183"
"71432563232213","11","2223877"
"71432563323113","11","2736555"
"71432563323122","11","3351454"
"71432563332113","11","1773450"
"71435261322233","11","3513086"
"71435262222122","11","2917056"
"71435263211123","11","2135040"
"71435263311122","11","4166097"
"71435263333133","11","3756037"
"71435263333223","11","1814811"
"71435623333331","11","1924779"
"71436253333112","11","1323787"
"71452363213232","11","1190790"
"71452632222131","11","2937802"
"71453262222221","11","3453229"
"71453623311122","11","4531453"
"71456321322323","11","2072563"
"71456322111221","11","1953996"
"71462531113322","11","4414274"
"71462532111212","11","1353324"
"71462532121112","11","2840546"
"71462533111223","11","1951322"
"71462533221113","11","3066624"
"71463523331222","11","2548424"
"71523463131311","11","3074119"
"71523463231313","11","2734509"
"71523463331312","11","3313997"
"71532463221332","11","1293788"
"71534262122222","11","2649463"
"71542633132322","11","1407358"
"71543622111131","11","1591252"
"71543623111121","11","2206974"
"71546233331213","11","3641501"
"71546322231212","11","1462300"
"71562433123232","11","1477327"
"71563243221221","11","2007758"
"71625433213133","11","2328558"
"71643252231212","11","2719491"
"71643523331213","11","5414464"
"72134562312212","11","2612187"
"72136541322233","11","1695866"
"72143563222331","11","1594260"
"72143651121113","11","2229580"
"72143651131112","11","2295458"
"72143651213111","11","1448286"
"72143651312111","11","3026873"
"72143652111311","11","1519114"
"72143653111211","11","3094133"
"72145631233223","11","1124275"
"72145633232231","11","1373240"
"72145633312223","11","6271593"
"72146352232223","11","1981319"
"72163452122222","11","3238193"
"72163453121213","11","2468642"
"72163453131212","11","4159035"
"72163453133333","11","1673360"
"72163453331333","11","2258434"
"72164353131113","11","2711092"
"72165431113331","11","1872605"
"72165432111113","11","2499502"
"72165432111122","11","3837964"
"72165432211112","11","1386974"
"72165432323312","11","1984738"
"72165433111112","11","2292548"
"72165433121333","11","3562419"
"72165433221233","11","1630257"
"72165433233323","11","4879653"
"72165433321223","11","1661592"
"72165433331213","11","3956972"
"72345611111111","11","3536519"
"72345611133113","11","1330051"
"72345611221223","11","1213922"
"72345611222222","11","3397289"
"72345611331332","11","1218386"
"72345612122111","11","1373556"
"72345612331331","11","1270729"
"72345613221221","11","941789"
"72345613333331","11","2197251"
"72356141112323","11","2798851"
"72356141232113","11","1737295"
"72356143211123","11","3259368"
"72361453232333","11","2235413"
"72361542333233","11","3588615"
"72365412222212","11","3162506"
"72365413121312","11","2387690"
"72365413131212","11","1752407"
"72365413331333","11","4729083"
"72435163333313","11","3499345"
"72513641232323","11","1767353"
"72513641233322","11","2144418"
"72516342313223","11","3283250"
"72531463321232","11","3214043"
"72534163211123","11","2093523"
"72541631111213","11","1884484"
"72541631111312","11","2209991"
"72541631112131","11","2189245"
"72541631113121","11","1956227"
"72541632131111","11","1723851"
"72541633121111","11","2447334"
"72543162311111","11","1765213"
"72543163211111","11","1791374"
"72543611221223","11","1598554"
"72543611223221","11","1557295"
"72543611331332","11","1693948"
"72543611332331","11","1454693"
"72543612331331","11","1414767"
"72543613132232","11","2097950"
"72543613133222","11","1662769"
"72543613221221","11","1549671"
"72543613223312","11","1485858"
"72543613322312","11","2234295"
"72546311323112","11","1847353"
"72546313323212","11","3437579"
"72561342313223","11","1689311"
"72561432213122","11","3012785"
"72561433221233","11","1304856"
"72561433311233","11","3948190"
"72561433321133","11","2550628"
"72561433321223","11","2785940"
"72563411111213","11","1833569"
"72563411111312","11","1763594"
"72563411112131","11","2373957"
"72563411113121","11","1705425"
"72563412131111","11","1499439"
"72563413121111","11","1486529"
"72643513212311","11","4753147"
"72643513212332","11","1260801"
"73125463133132","11","1952738"
"73146522113231","11","2735845"
"73246153312211","11","1680115"
"73456123231322","11","2667112"
"73516243323113","11","881605"
"73516243332131","11","1800177"
"73541262321212","11","4274940"
"73542163321133","11","1460892"
"73542613132121","11","1397690"
"73542613132322","11","1336789"
"73564213321322","11","1592836"
"73614251112323","11","2228890"
"73615241112323","11","2438473"
"73615241113322","11","3349055"
"73615242223133","11","3960311"
"73615243123313","11","3552880"
"73615243213313","11","1726856"
"73615243331312","11","3551713"
"73615243332311","11","1726706"
"73615421113322","11","2146939"
"73615423213211","11","2215671"
"73615423333331","11","1883857"
"73624513121132","11","5069358"
"73624513332131","11","2098733"
"73625141112323","11","2212203"
"73625143121213","11","7310543"
"73625143333313","11","2221994"
"73625412222323","11","2502260"
"73642511111111","11","3063014"
"73642511113232","11","3600892"
"73642511113322","11","4730600"
"73642513223222","11","1895640"
"73645121113211","11","1600114"
"73645122222311","11","2058120"
"73645211223113","11","1230668"
"73645211231111","11","1728453"
"73645211321111","11","1773325"
"73645211332112","11","2760826"
"73645213112231","11","1396240"
"73645213333112","11","2761730"
"73651241113322","11","1576175"
"73652413211312","11","1435000"
"73652413331321","11","1685076"
"73654122111122","11","3621699"
"73654122221111","11","2224391"
"73654211111132","11","2295962"
"74123563323221","11","1957965"
"74123652322121","11","1993158"
"74123653132232","11","1916037"
"74123653133132","11","2281552"
"74123653133222","11","2502245"
"74123653133231","11","1263614"
"74125631313311","11","1634621"
"74125632121121","11","3044359"
"74125632122111","11","1321439"
"74125632131111","11","2853603"
"74125632321332","11","1338900"
"74125633121111","11","3196774"
"74125633131233","11","3555307"
"74125633132232","11","993794"
"74125633133222","11","1345644"
"74125633133312","11","2659345"
"74125633332323","11","3291987"
"74126352333122","11","2854448"
"74132561321231","11","3589271"
"74132562121121","11","2349318"
"74132562122111","11","1236198"
"74132563131221","11","1892388"
"74132563132112","11","1903608"
"74136522322121","11","1890474"
"74152363132232","11","1306949"
"74152363133132","11","843903"
"74152363133222","11","2076643"
"74152363133231","11","1584437"
"74156322122123","11","2101662"
"74156322122321","11","1216637"
"74156322313223","11","1990752"
"74156323132331","11","1736108"
"74156323133123","11","1108585"
"74163251121122","11","2664965"
"74163252112211","11","1666345"
"74163252131111","11","3613931"
"74163253121111","11","2841691"
"74163253131332","11","3341768"
"74163253133132","11","1346047"
"74163253133213","11","1535958"
"74163253133231","11","891385"
"74163253332323","11","3038110"
"74165231121212","11","3344088"
"74165231131313","11","4162358"
"74165231212121","11","1246675"
"74165231313131","11","907214"
"74165232111212","11","959030"
"74165232121112","11","3246908"
"74165232121211","11","921491"
"74165233111313","11","1355750"
"74165233131113","11","3989555"
"74165233131311","11","1355803"
"74165233131323","11","1415293"
"74165233132313","11","6544561"
"74165233231313","11","6542370"
"74213652323132","11","1411558"
"74251633111313","11","4319604"
"74256311321222","11","3071214"
"74256313111232","11","3133662"
"74265312333233","11","1942084"
"74312652333332","11","1436463"
"74321563311131","11","2449345"
"74321653233323","11","2501717"
"74325163131323","11","2269337"
"74325612221222","11","2556479"
"74325613121312","11","2414013"
"74325613131212","11","5291882"
"74325613133333","11","3572157"
"74361253112132","11","1628046"
"74361253211231","11","1329105"
"74365211121221","11","1946108"
"74365211213111","11","2330875"
"74365211312111","11","2313949"
"74365211313113","11","957339"
"74365211333111","11","950083"
"74365212111311","11","2397180"
"74365212222323","11","1895617"
"74365212333332","11","1935142"
"74365213111211","11","2532148"
"74365213121333","11","1795066"
"74512361322233","11","2220899"
"74512362313223","11","1632730"
"74513263121222","11","4256087"
"74521632222212","11","6606291"
"74521633121213","11","2480128"
"74521633121312","11","3832500"
"74521633133333","11","2468160"
"74521633333313","11","6501483"
"74523611121113","11","1469371"
"74523611131112","11","3148272"
"74523611213111","11","2153477"
"74523611312111","11","2163688"
"74523612111311","11","2963882"
"74523613111211","11","1840747"
"74532163123223","11","1630800"
"74561231111222","11","2675517"
"74561232111113","11","3396177"
"74561232221111","11","2124764"
"74561233111112","11","2169485"
"74561233131233","11","1865692"
"74561233233323","11","3429994"
"74561233311233","11","1140961"
"74561233321133","11","2150200"
"74561233321313","11","3519805"
"74563211232332","11","3103846"
"74653213133222","11","1323052"
"75132463233233","11","1410392"
"75143263231313","11","1757519"
"75146321323331","11","2002028"
"75213642223133","11","3708847"
"75231463211123","11","2178507"
"75234161322233","11","1047627"
"75234162221111","11","2415687"
"75236143213232","11","2462592"
"75241632222323","11","2754967"
"75243162211322","11","4356726"
"75243611113232","11","1804109"
"75243613213232","11","1938796"
"75246131333312","11","1736810"
"75246311111111","11","6732570"
"75246313212311","11","1236119"
"75246313312211","11","3122515"
"75246313332332","11","1811707"
"75261432123233","11","3068346"
"75264132121232","11","1752112"
"75264132223331","11","2427562"
"75264132321212","11","1334253"
"75264133121333","11","5814931"
"75264133331213","11","3769615"
"75264311223122","11","2211940"
"75264313231112","11","2477551"
"75312463333133","11","4587857"
"75314621133221","11","1764144"
"75314621313212","11","4144265"
"75314623113122","11","1849460"
"75316241231231","11","1597411"
"75321461311112","11","1138984"
"75321463132121","11","2486422"
"75346122133133","11","1722937"
"75346211133122","11","2210214"
"75346211211311","11","2503651"
"75346211311211","11","1549655"
"75346212323333","11","2099276"
"75346213112132","11","1549510"
"75346213132121","11","2762109"
"75346213132322","11","3666500"
"75346213332122","11","1753512"
"75412631223332","11","1770408"
"75416323232213","11","2836839"
"75431263133213","11","2254425"
"75462132123212","11","3206438"
"75613243131332","11","2807618"
"75613243133213","11","1415350"
"75634123323122","11","1485017"
"75641323232111","11","2645380"
"75642132213311","11","1646833"
"76123453233323","11","1858899"
"76125343333133","11","2834079"
"76143252131312","11","2703395"
"76143252221222","11","1971967"
"76143253131212","11","4598879"
"76143253331333","11","3157709"
"76143253333313","11","3158162"
"76145231121113","11","2490703"
"76145231122112","11","3511203"
"76145231131112","11","2598711"
"76145231221112","11","3521755"
"76145231311331","11","1612299"
"76145232123332","11","2451823"
"76145232233213","11","4178306"
"76145232331313","11","2179575"
"76145232332213","11","4397544"
"76145233133213","11","2261775"
"76145233232333","11","1645770"
"76154323333112","11","2392034"
"76213543213133","11","2693330"
"76213543311332","11","2551997"
"76215341231231","11","809149"
"76215433333133","11","2800859"
"76231451123111","11","2278231"
"76245311121131","11","1250453"
"76245311131121","11","1148641"
"76245311213312","11","1606400"
"76245312132131","11","2339520"
"76245313122122","11","1567381"
"76245313123121","11","2320048"
"76253141123132","11","1769572"
"76253141211332","11","1559467"
"76253413322312","11","2056881"
"76254133311323","11","5439226"
"76254313211111","11","4394091"
"76312452212111","11","2257925"
"76312453211111","11","2804424"
"76312453311311","11","1460380"
"76312542321212","11","1372520"
"76312542322121","11","1295020"
"76312543322222","11","1922030"
"76315241112113","11","1610629"
"76315241113112","11","1832213"
"76315241223113","11","2723511"
"76315241322122","11","1667807"
"76315241323313","11","2760864"
"76315241332112","11","1275282"
"76315243211231","11","1289920"
"76315243323323","11","1833457"
"76321452122123","11","1353510"
"76321452122321","11","1589212"
"76321452122333","11","1866200"
"76321452123323","11","2520173"
"76321452212231","11","2543470"
"76321452213122","11","1669989"
"76321453233131","11","1324943"
"76321453311233","11","2104686"
"76321453313312","11","2828351"
"76321453321133","11","1637474"
"76321453323311","11","1582645"
"76321542211112","11","3792943"
"76321543211111","11","3460480"
"76321543311131","11","2408518"
"76324151112233","11","1062756"
"76324151112323","11","3814204"
"76324153323122","11","1919561"
"76325411111213","11","1680501"
"76325411111312","11","6446221"
"76325411112131","11","1751791"
"76325411113121","11","2910868"
"76325411122121","11","1276510"
"76325411331311","11","1957785"
"76325412112121","11","2462866"
"76325412231212","11","4110347"
"76325412333233","11","3033870"
"76325413222223","11","2736312"
"76341251111213","11","3082850"
"76341251111312","11","2529290"
"76341251112131","11","5029699"
"76341251113121","11","1727573"
"76341251221121","11","1830869"
"76341251311313","11","2116617"
"76341252232313","11","1831296"
"76341252323333","11","1311590"
"76341253221212","11","2574182"
"76341253233131","11","1363647"
"76342511111231","11","1750333"
"76342511111321","11","1768840"
"76342511323112","11","1514144"
"76342512232223","11","2210789"
"76342513213112","11","2173763"
"76342513322111","11","1970588"
"76342513323122","11","1641740"
"76342513323212","11","1784425"
"76345122211112","11","3189491"
"76345122211121","11","2014900"
"76345122213311","11","3092227"
"76345122311111","11","2199800"
"76345123211111","11","2769155"
"76345123311113","11","2102031"
"76345123311131","11","2551978"
"76345123312211","11","3065193"
"76351421112323","11","3928668"
"76351421113322","11","1007435"
"76351423321232","11","1905616"
"76354121121212","11","1143639"
"76354121122121","11","1072288"
"76354121311313","11","1837808"
"76354121313131","11","1667828"
"76354122111212","11","2086181"
"76354122112121","11","1947435"
"76354122212222","11","6216545"
"76354123211123","11","2385458"
"76354123211132","11","2486387"
"76354123313333","11","6263000"
"76354212213323","11","2378157"
"76354212312233","11","4502632"
"76354212313322","11","4871934"
"76354212333332","11","2213122"
"76354213222223","11","2275916"
"76354213312223","11","2283553"
"76421351131121","11","1993152"
"76512343213313","11","3769350"
"76512343332311","11","2401842"
"76514321112323","11","2845351"
"76514321232113","11","3317519"
"76521433232333","11","2049547"
"76523413223231","11","1965057"
"76524313331222","11","2265625"
"76541232131213","11","3050854"
"76541232221222","11","3416063"
"76541233121213","11","5637727"
"76541233331333","11","4194048"
"76541233333313","11","2732048"
"76543211111111","11","5419018"
"76543211212112","11","4656301"
"76543211223221","11","1507170"
"76543211332331","11","1119435"
"76543211333333","11","1721541"
"76543212132323","11","1676697"
"76543212222221","11","2014333"
"76543212323213","11","1817163"
"76543213113131","11","1439007"
