"state","build","exit_code","iret"
"12345671111111","plain","0","570"
"12345671111111","quick","0","365"
"23475162132323","plain","0","5591"
"23475162132323","quick","0","3431"
"21345671111111","plain","0","23580300"
"21345671111111","quick","0","8622122"
"12347651111111","plain","0","76231639"
"12347651111111","quick","0","28325779"
"61352472313211","plain","0","74436483"
"61352472313211","quick","0","27489902"
"62345713133111","plain","0","16439"
"62345713133111","quick","0","7504"
"24316572122213","plain","0","26421"
"24316572122213","quick","0","12322"
"25713642221111","plain","0","18520"
"25713642221111","quick","0","9362"
"24513763133333","plain","0","1090729"
"24513763133333","quick","0","376222"
"43752611332133","plain","0","110532"
"43752611332133","quick","0","37232"
"25416373331111","plain","0","2031579"
"25416373331111","quick","0","685979"
