"state","expected","moves","status","iret"
"12345671111111","0","0","PASS","837"
"23475162132323","3","3","PASS","2884"
"21345671111111","11","11","PASS","7463271"
"12347651111111","11","11","PASS","24509349"
"61352472313211","11","11","PASS","23789564"
"62345713133111","8","8","PASS","5544"
"24316572122213","8","8","PASS","9453"
"25713642221111","8","8","PASS","7187"
"24513763133333","9","9","PASS","324592"
"43752611332133","9","9","PASS","31426"
"25416373331111","10","10","PASS","594064"
"51342763312223","11","11","PASS","20229570"
"12354671111111","11","11","PASS","19801722"
"12365471111111","11","11","PASS","19756117"
"12345761111111","11","11","PASS","18497412"
"17543261111111","11","11","PASS","18093670"
"14625731111111","11","11","PASS","17952972"
"16453271111111","11","11","PASS","17828553"
"14673251111111","11","11","PASS","17546083"
"15763241111111","11","11","PASS","17386667"
"12354761112323","11","11","PASS","17181106"
"15724631111111","11","11","PASS","16618489"
"32145671111111","11","11","PASS","15844535"
"27314652313211","11","11","PASS","15463107"
"12376541112323","11","11","PASS","14798562"
"63172452313211","11","11","PASS","14500784"
"13462571111111","11","11","PASS","13543230"
"32165741111111","11","11","PASS","13312217"
"17246351111111","11","11","PASS","13197007"
