"state","nodes","pass","iret"
"12347651111111","424243","True","24509349"
"61352472313211","411337","True","23789564"
"51342763312223","343909","True","20229570"
"12354671111111","344788","True","19801722"
"12365471111111","343971","True","19756117"
"12345761111111","322384","True","18497412"
"17543261111111","313874","True","18093670"
"14625731111111","315356","True","17952972"
"16453271111111","309533","True","17828553"
"14673251111111","304741","True","17546083"
"15763241111111","302167","True","17386667"
"12354761112323","293997","True","17181106"
"15724631111111","292502","True","16618489"
"32145671111111","275272","True","15844535"
"27314652313211","268275","True","15463107"
"12376541112323","254185","True","14798562"
"63172452313211","250468","True","14500784"
"13462571111111","235530","True","13543230"
"32165741111111","231412","True","13312217"
"17246351111111","229914","True","13197007"
